ID,,,,,,,,,
FBtr0085105,,,,,,,,,
FBtr0073120,,,,,,,,,
FBtr0085085,,,,,,,,,
FBtr0339391,,,,,,,,,
FBtr0086613,,,,,,,,,
FBtr0346714,,,,,,,,,
FBtr0100508,,,,,,,,,
FBtr0100504,,,,,,,,,
FBtr0337020,,,,,,,,,
FBtr0083467,,,,,,,,,
FBtr0073974,,,,,,,,,
FBtr0084465,,,,,,,,,
FBtr0080389,,,,,,,,,
FBtr0076545,,,,,,,,,
FBtr0300272,,,,,,,,,
FBtr0084911,,,,,,,,,
FBtr0307015,,,,,,,,,
FBtr0075699,,,,,,,,,
FBtr0081257,,,,,,,,,
FBtr0086676,,,,,,,,,
FBtr0080839,,,,,,,,,
FBtr0340135,,,,,,,,,
FBtr0073359,,,,,,,,,
FBtr0301413,,,,,,,,,
FBtr0077920,,,,,,,,,
FBtr0087820,,,,,,,,,
FBtr0308213,,,,,,,,,
FBtr0072635,,,,,,,,,
FBtr0075199,,,,,,,,,
FBtr0076453,,,,,,,,,
FBtr0078069,,,,,,,,,
FBtr0078841,,,,,,,,,
FBtr0089978,,,,,,,,,
FBtr0334586,,,,,,,,,
FBtr0089485,,,,,,,,,
FBtr0340190,,,,,,,,,
FBtr0075942,,,,,,,,,
FBtr0300542,,,,,,,,,
FBtr0336697,,,,,,,,,
FBtr0087618,,,,,,,,,
FBtr0087617,,,,,,,,,
FBtr0273224,,,,,,,,,
FBtr0301964,,,,,,,,,
FBtr0077008,,,,,,,,,
FBtr0306254,,,,,,,,,
FBtr0073839,,,,,,,,,
FBtr0302291,,,,,,,,,
FBtr0305917,,,,,,,,,
FBtr0114506,,,,,,,,,
FBtr0075928,,,,,,,,,
FBtr0081614,,,,,,,,,
FBtr0301838,,,,,,,,,
FBtr0301837,,,,,,,,,
FBtr0087258,,,,,,,,,
FBtr0310064,,,,,,,,,
FBtr0077310,,,,,,,,,
FBtr0076427,,,,,,,,,
FBtr0346711,,,,,,,,,
FBtr0089263,,,,,,,,,
FBtr0308232,,,,,,,,,
FBtr0304914,,,,,,,,,
FBtr0072102,,,,,,,,,
FBtr0335180,,,,,,,,,
FBtr0088663,,,,,,,,,
FBtr0308644,,,,,,,,,
FBtr0070392,,,,,,,,,
FBtr0071537,,,,,,,,,
FBtr0072712,,,,,,,,,
FBtr0082889,,,,,,,,,
FBtr0344560,,,,,,,,,
FBtr0081635,,,,,,,,,
FBtr0346276,,,,,,,,,
FBtr0332963,,,,,,,,,
FBtr0303709,,,,,,,,,
FBtr0346541,,,,,,,,,
FBtr0076454,,,,,,,,,
FBtr0075541,,,,,,,,,
FBtr0082018,,,,,,,,,
FBtr0082017,,,,,,,,,
FBtr0344873,,,,,,,,,
FBtr0100470,,,,,,,,,
FBtr0331507,,,,,,,,,
FBtr0302833,,,,,,,,,
FBtr0088266,,,,,,,,,
FBtr0112735,,,,,,,,,
FBtr0302453,,,,,,,,,
FBtr0079199,,,,,,,,,
FBtr0331664,,,,,,,,,
FBtr0331663,,,,,,,,,
FBtr0331662,,,,,,,,,
FBtr0299538,,,,,,,,,
FBtr0073426,,,,,,,,,
FBtr0073292,,,,,,,,,
FBtr0071849,,,,,,,,,
FBtr0077644,,,,,,,,,
FBtr0301487,,,,,,,,,
FBtr0089581,,,,,,,,,
FBtr0300649,,,,,,,,,
FBtr0310621,,,,,,,,,
FBtr0336667,,,,,,,,,
FBtr0301884,,,,,,,,,
FBtr0072957,,,,,,,,,
FBtr0080846,,,,,,,,,
FBtr0299837,,,,,,,,,
FBtr0086774,,,,,,,,,
FBtr0472696,,,,,,,,,
FBtr0308823,,,,,,,,,
FBtr0088136,,,,,,,,,
FBtr0088137,,,,,,,,,
FBtr0343571,,,,,,,,,
FBtr0342808,,,,,,,,,
FBtr0342814,,,,,,,,,
FBtr0342813,,,,,,,,,
FBtr0342810,,,,,,,,,
FBtr0342820,,,,,,,,,
FBtr0342819,,,,,,,,,
FBtr0342805,,,,,,,,,
FBtr0079779,,,,,,,,,
FBtr0076772,,,,,,,,,
FBtr0305063,,,,,,,,,
FBtr0300815,,,,,,,,,
FBtr0334846,,,,,,,,,
FBtr0299564,,,,,,,,,
FBtr0301850,,,,,,,,,
FBtr0301851,,,,,,,,,
FBtr0090014,,,,,,,,,
FBtr0082760,,,,,,,,,
FBtr0347567,,,,,,,,,
FBtr0110876,,,,,,,,,
FBtr0091711,,,,,,,,,
FBtr0076808,,,,,,,,,
FBtr0074418,,,,,,,,,
FBtr0332911,,,,,,,,,
FBtr0071246,,,,,,,,,
FBtr0088681,,,,,,,,,
FBtr0088052,,,,,,,,,
FBtr0085155,,,,,,,,,
FBtr0301492,,,,,,,,,
FBtr0302201,,,,,,,,,
FBtr0342607,,,,,,,,,
FBtr0113380,,,,,,,,,
FBtr0345429,,,,,,,,,
FBtr0112888,,,,,,,,,
FBtr0100575,,,,,,,,,
FBtr0083273,,,,,,,,,
FBtr0302579,,,,,,,,,
FBtr0302034,,,,,,,,,
FBtr0345005,,,,,,,,,
FBtr0304018,,,,,,,,,
FBtr0077247,,,,,,,,,
FBtr0076935,,,,,,,,,
FBtr0082069,,,,,,,,,
FBtr0089716,,,,,,,,,
FBtr0332204,,,,,,,,,
FBtr0332202,,,,,,,,,
FBtr0330306,,,,,,,,,
FBtr0301708,,,,,,,,,
FBtr0340240,,,,,,,,,
FBtr0332403,,,,,,,,,
FBtr0343506,,,,,,,,,
FBtr0345070,,,,,,,,,
FBtr0078136,,,,,,,,,
FBtr0077136,,,,,,,,,
FBtr0087369,,,,,,,,,
FBtr0077236,,,,,,,,,
FBtr0113020,,,,,,,,,
FBtr0076885,,,,,,,,,
FBtr0305073,,,,,,,,,
FBtr0083765,,,,,,,,,
FBtr0290078,,,,,,,,,
FBtr0086555,,,,,,,,,
FBtr0334633,,,,,,,,,
FBtr0080892,,,,,,,,,
FBtr0085987,,,,,,,,,
FBtr0081686,,,,,,,,,
FBtr0071004,,,,,,,,,
FBtr0344978,,,,,,,,,
FBtr0076364,,,,,,,,,
FBtr0075966,,,,,,,,,
FBtr0334404,,,,,,,,,
FBtr0304005,,,,,,,,,
FBtr0333073,,,,,,,,,
FBtr0089512,,,,,,,,,
FBtr0089513,,,,,,,,,
FBtr0079062,,,,,,,,,
FBtr0306239,,,,,,,,,
FBtr0081619,,,,,,,,,
FBtr0114544,,,,,,,,,
FBtr0112994,,,,,,,,,
FBtr0334053,,,,,,,,,
FBtr0113323,,,,,,,,,
FBtr0082452,,,,,,,,,
FBtr0300017,,,,,,,,,
FBtr0072767,,,,,,,,,
FBtr0080397,,,,,,,,,
FBtr0089349,,,,,,,,,
FBtr0085899,,,,,,,,,
FBtr0345339,,,,,,,,,
FBtr0087089,,,,,,,,,
FBtr0087090,,,,,,,,,
FBtr0086474,,,,,,,,,
FBtr0088506,,,,,,,,,
FBtr0077831,,,,,,,,,
FBtr0299920,,,,,,,,,
FBtr0074745,,,,,,,,,
FBtr0080592,,,,,,,,,
FBtr0076496,,,,,,,,,
FBtr0072795,,,,,,,,,
FBtr0332847,,,,,,,,,
FBtr0273416,,,,,,,,,
FBtr0330145,,,,,,,,,
FBtr0306087,,,,,,,,,
FBtr0076668,,,,,,,,,
FBtr0333013,,,,,,,,,
FBtr0300889,,,,,,,,,
FBtr0305679,,,,,,,,,
FBtr0079003,,,,,,,,,
FBtr0073422,,,,,,,,,
FBtr0072506,,,,,,,,,
FBtr0301143,,,,,,,,,
FBtr0339629,,,,,,,,,
FBtr0112808,,,,,,,,,
FBtr0112807,,,,,,,,,
FBtr0113386,,,,,,,,,
FBtr0084927,,,,,,,,,
FBtr0347201,,,,,,,,,
FBtr0347200,,,,,,,,,
FBtr0301501,,,,,,,,,
FBtr0082057,,,,,,,,,
FBtr0087870,,,,,,,,,
FBtr0302151,,,,,,,,,
FBtr0089989,,,,,,,,,
FBtr0091719,,,,,,,,,
FBtr0340125,,,,,,,,,
FBtr0085307,,,,,,,,,